TV,11.22.63,2016
TV,12 Monkeys,2015
TV,12 oz. Mouse,2005
TV,16-Bit Gems,2009
TV,1916,2016
TV,1983,2018
TV,3rd Rock from the Sun,1996
TV,60 Minutes,1968
TV,90's House,2017
TV,AFV,1989
TV,ALF,1986
TV,Abandoned Engineering,2017
TV,Action Team,2018
TV,Adam Ruins Everything,2015
TV,Adventure Time,2010
TV,Africa,2013
TV,Afro Samurai,2007
TV,After Hitler,2016
TV,Ahoy Iconic Arms,2014
TV,Ahoy Nuclear Fruit,2015
TV,Ahoy RetroAhoy,2017
TV,Alaska Earth's Frozen Kingdom,2015
TV,Alcatraz,2012
TV,Alias Grace,2017
TV,Alice,2009
TV,Alien Empire,1996
TV,Alien Theory,2016
TV,All in the Family,1971
TV,Allen Pan - Sufficiently Advanced,2015
TV,Almost Human,2013
TV,Alphas,2011
TV,Altered Carbon,2018
TV,Alternate History Hub,2013
TV,Amazing Places - Tom Scott,2006
TV,American Crime Story,2016
TV,American Dad!,2005
TV,American Gangster,2006
TV,American Gods,2017
TV,American Greed,2007
TV,American Greed The Fugitives,2012
TV,American Guns,2011
TV,American Horror Story,2011
TV,American Icon The Hot Rod,2010
TV,American Justice,1992
TV,Ancient Aliens,2010
TV,Ancient Civilizations,2017
TV,Ancient Earth,2017
TV,Ancient Invisible Cities,2018
TV,Ancient MegaStructures,2011
TV,Andromeda,2000
TV,Andy Richter Controls the Universe,2002
TV,Angel,1999
TV,Angel Beats!,2010
TV,Angie Tribeca,2016
TV,Animals with Cameras,2018
TV,Animals.,2016
TV,Animaniacs,1993
TV,Apollo Gauntlet,2016
TV,Aqua Teen Hunger Force Forever,2000
TV,Archer,2009
TV,Are You Being Served,1972
TV,Arrested Development,2003
TV,Ars Technica,2009
TV,Arthur C. Clarke's Mysterious Universe,1994
TV,Asap Science,2012
TV,Ascension,2014
TV,Ash vs Evil Dead,2015
TV,Astronomy Club,2018
TV,Atlanta,2016
TV,Attack on Titan,2013
TV,Attenborough and the Giant Dinosaur,2016
TV,Attenborough and the Sea Dragon,2018
TV,Attenborough's Journey,2010
TV,Attenborough's Passion Projects,2016
TV,Atypical,2017
TV,Avatar The Last Airbender,2005
TV,Azumanga Daioh,2002
TV,BBC Documentaries,1936
TV,BBS The Documentary,2005
TV,BEATLESS,2018
TV,Babylon 5,1993
TV,Backstrom,2015
TV,Bad Blood,2015
TV,Bad Blood,2017
TV,Bad Lip Reading,2011
TV,Bad Universe,2010
TV,Ballers,2015
TV,Band of Brothers,2001
TV,Banged Up Abroad,2006
TV,Barbarians,2006
TV,Baroness von Sketch Show,2016
TV,Barry,2018
TV,Bates Motel,2013
TV,Batman,1966
TV,Batman The Animated Series,1992
TV,BattleBots,2000
TV,BattleBots,2015
TV,Battlestar Galactica,1978
TV,Battlestar Galactica,2003
TV,Battlestar Galactica Blood & Chrome,2012
TV,Beavis and Butt-Head,1993
TV,Behind The Music,1997
TV,Being Human,2008
TV,Berlin Station,2016
TV,Better Call Saul,2015
TV,Better Off Ted,2009
TV,Between Two Ferns with Zach Galifianakis,2008
TV,"Beverly Hills, 90210",1990
TV,Bewitched,1964
TV,Big Hero 6 The Series,2017
TV,Big Love,2006
TV,Billions,2016
TV,Biographics,2017
TV,Bionic Revolution - Genius of Nature,2012
TV,Bismuth,2011
TV,Bizarre Foods America,2012
TV,Black Books,2000
TV,Black Box,2014
TV,Black Comedy,2014
TV,Black Earth Rising,2018
TV,Black Jesus,2014
TV,Black Lightning,2018
TV,Black Market,2016
TV,Black Market Dispatches,2016
TV,Black Mirror,2011
TV,Black Monday,2018
TV,Black Sails,2014
TV,Blackadder,1983
TV,Blackout,2006
TV,Blindspot,2015
TV,Blood Drive,2017
TV,Blue Planet II,2017
TV,BoJack Horseman,2014
TV,Boardwalk Empire,2010
TV,Bodyguard,2018
TV,Border Wars,2010
TV,Bored to Death,2009
TV,Borgia,2011
TV,Brave New World with Stephen Hawking,2011
TV,Breaking Bad,2008
TV,Breaking In,2011
TV,Breakout,2010
TV,Breakout Kings,2011
TV,Breakthrough,2015
TV,Bri Hard,2015
TV,Broad City,2014
TV,Brooklyn Nine-Nine,2013
TV,Brotherhood,2006
TV,Bryan Lunduke,2013
TV,Buffy the Vampire Slayer,1997
TV,Business Casual,2016
TV,Butterfly Effect,2016
TV,CGP Grey,2011
TV,CSI Cyber,2015
TV,Camelot,2011
TV,Caprica,2010
TV,Captain N & the Adventures of Super Mario Bros. 3,1990
TV,Carnivàle,2003
TV,Caspian Report,2010
TV,Castle Rock,2018
TV,Castlevania,2017
TV,Chad Vader Day Shift Manager,2006
TV,Channel Zero,2016
TV,Chappelle's Show,2003
TV,Charisma On Command,2014
TV,Charlie Brooker's Weekly Wipe,2013
TV,Charmed,1998
TV,Charmed,2018
TV,Cheers,1982
TV,Chemistry,2011
TV,Chilling Adventures of Sabrina,2018
TV,Chip 'n Dale Rescue Rangers,1989
TV,Chowder,2007
TV,Chrono Crusade,2003
TV,Chuck,2007
TV,Cities of Tomorrow,2015
TV,Civilisations,2018
TV,Clash of the Cave Men,2008
TV,Claws,2017
TV,Clerks,2002
TV,Cobra Kai,2018
TV,Code Bullet,2017
TV,Coldfusion,2008
TV,College Humor,2006
TV,Collision Course,2017
TV,Colony,2016
TV,Comedians in Cars Getting Coffee,2012
TV,Comedy Central Stand-Up Presents,2017
TV,Comic Book Cast 2,2012
TV,Community,2009
TV,Computer Chronicles,1983
TV,Computerphile,2013
TV,Condor,2018
TV,Conspiracy Theory with Jesse Ventura,2009
TV,Continuum,2012
TV,Cops,1989
TV,Corporate,2018
TV,Corpse Husband,2015
TV,Corridor,2010
TV,Cosmic Front,2011
TV,Cosmos,1980
TV,Cosmos A Spacetime Odyssey,2014
TV,Couch Tomato,2014
TV,Counterpart,2017
TV,Cowboy Bebop,1998
TV,Cracked,2007
TV,Crash Course Anatomy & Physiology,2015
TV,Crash Course Astronomy,2015
TV,Crash Course Big History,2014
TV,Crash Course Biology,2012
TV,Crash Course Chemistry,2013
TV,Crash Course Computer Science,2017
TV,Crash Course Ecology,2012
TV,Crash Course Economics,2015
TV,Crash Course Engineering,2018
TV,Crash Course Film History,2017
TV,Crash Course Film Production,2017
TV,Crash Course Games,2016
TV,Crash Course History of Science,2018
TV,Crash Course Intellectual Property,2015
TV,Crash Course Literature,2012
TV,Crash Course Media Literacy,2018
TV,Crash Course Mythology,2017
TV,Crash Course Philosophy,2016
TV,Crash Course Physics,2016
TV,Crash Course Psychology,2014
TV,Crash Course Sociology,2017
TV,Crash Course Statistics,2018
TV,Crash Course Study Skills,2017
TV,Crash Course Theater and Drama,2018
TV,Crash Course U.S. Government and Politics,2015
TV,Crash Course US History,2013
TV,Crash Course World History,2012
TV,Crayon Shin-Chan,1992
TV,Creating an Ocean,2016
TV,Crime Inc The True Story Of The Mafia,1984
TV,Criminal Minds,2005
TV,Crusade,1999
TV,Cunk on Britain,2018
TV,Cunk on Christmas,2016
TV,Cunk on Shakespeare,2016
TV,Cybergeddon,2016
TV,Cyberwar,2016
TV,DC's Legends of Tomorrow,2016
TV,DONG,2015
TV,DRYVRS,2015
TV,Da Ali G Show,2000
TV,Dark Matter,2015
TV,Dark Matters,2011
TV,Dark Net,2016
TV,Dark5,2013
TV,Darkwing Duck,1991
TV,David Attenborough's Great Barrier Reef,2015
TV,David Attenborough's Light On Earth,2016
TV,David Attenborough's Natural Curiosities,2013
TV,David the Gnome,1985
TV,Dead Set,2008
TV,Deadliest Catch,2005
TV,Deadliest Tech,2012
TV,Deadly 60 on a Mission,2011
TV,Deadly Class,2018
TV,Deadly Rich,2018
TV,Deadwood,2004
TV,Deception,2018
TV,Declassified Untold Stories Of American Spies,2016
TV,Decoded Show,2015
TV,Deep State,2018
TV,Deep Time History,2016
TV,Def Comedy Jam,1992
TV,Defiance,2013
TV,Defying Gravity,2009
TV,Delete,2013
TV,Dennis the Menace (1986),1985
TV,Dexter,2006
TV,Dexter's Laboratory,1996
TV,Dinosaurs,1991
TV,Dirty Money,2018
TV,Discovery Channel Documentaries,1985
TV,Disenchantment,2018
TV,Disney Animated Shorts,1921
TV,Doctor Who,1963
TV,Doctor Who,2005
TV,Dollhouse,2009
TV,Domain Of Science,2010
TV,Dominion,2014
TV,"Doogie Howser, M.D.",1989
TV,Dorkly Bits,2010
TV,Downton Abbey,2010
TV,Dr Steve Love,2011
TV,Dragon Ball Z,1989
TV,Drawn Together,2004
TV,Dream Corp LLC,2016
TV,Drug Wars,2014
TV,Drugged,2011
TV,"Drugs, Inc.",2010
TV,Drugsland,2017
TV,DuckTales,1987
TV,DuckTales,2017
TV,Duckman,1994
TV,Dynasties,2018
TV,Dystopia,2018
TV,EC Henry,2015
TV,ETC,2008
TV,Earth Final Conflict,1997
TV,Earth's Natural Wonders,2015
TV,Earthflight,2011
TV,Earthling Cinema,2014
TV,Eastbound & Down,2009
TV,Edgar & Ellen,2007
TV,Eevblog,2009
TV,El Chapo,2017
TV,Empire Games,2018
TV,Empire Warriors,2004
TV,Encryption,2014
TV,Engineering Catastrophes,2018
TV,Engineering Explained,2011
TV,Entourage,2004
TV,Epic How To,2015
TV,Epic Rap Battles of History,2010
TV,Episodes,2011
TV,Ergo Proxy,2006
TV,Errant Signal,2011
TV,Escape at Dannemora,2018
TV,Eureka,2006
TV,Event Horizon,2018
TV,Every Frame a Painting,2014
TV,Everybody Loves Raymond,1996
TV,Evil Genius The True Story of America's Most Diabolical Bank Heist,2018
TV,Evolve,2009
TV,Explorer,1985
TV,Exploring Quantum History With Brian Greene,2015
TV,Extant,2014
TV,Extra Credits,2010
TV,Extra History,2013
TV,Extra Sci Fi,2017
TV,F is for Family,2015
TV,FEUD,2017
TV,Falling Skies,2011
TV,Family Guy,1999
TV,Family Matters,1989
TV,Fargo,2014
TV,Farscape,1999
TV,Father Ted,1995
TV,Fear the Walking Dead,2015
TV,Feature History,2016
TV,Fifth Gear,2002
TV,Film Radar,2015
TV,Final Fantasy XIV Daddy of Light,2017
TV,Final Space,2018
TV,Firefly,2002
TV,First Civilizations,2018
TV,First Life with David Attenborough,2010
TV,Flight of the Conchords,2007
TV,Flowers,2016
TV,Forgotten Weapons,2011
TV,Foster's Home for Imaginary Friends,2004
TV,Frasier,1993
TV,Freaks and Geeks,1999
TV,Friends,1994
TV,Fringe,2008
TV,From Ice to Fire The Incredible Science of Temperature,2018
TV,Frontline,1983
TV,Frozen Planet,2011
TV,Full House,1987
TV,Fuller House,2016
TV,Funny How,2017
TV,Futurama,1999
TV,Future Man,2017
TV,Future Weapons,2006
TV,Future-Worm!,2015
TV,GLOW,2017
TV,Galapagos,2006
TV,Galavant,2015
TV,Game Sack,2011
TV,Game Theory,2011
TV,Game of Thrones,2011
TV,GameHut,2017
TV,Gaming Historian,2009
TV,Gaming Wildlife,2013
TV,Gangland,2007
TV,Gangland Undercover,2015
TV,Garfield & Friends,1988
TV,Garth Marenghi's Darkplace,2004
TV,Generation Kill,2008
TV,Georg Rockall Schmidt,2016
TV,Get Smart,1965
TV,Ghost Whisperer,2005
TV,Ghost in the Shell Stand Alone Complex,2002
TV,Ghosted,2017
TV,Gilligan's Island,1964
TV,Girl from Nowhere The Series,2018
TV,Glee,2009
TV,God Friended Me,2018
TV,Golden Boy,1995
TV,Goosebumps,1995
TV,Gotham,2014
TV,Gravity Falls,2012
TV,GreatScott!,2013
TV,Greek Myths True Stories,2011
TV,Green Lantern The Animated Series,2011
TV,Grey's Anatomy,2005
TV,Greyzone,2018
TV,Hacking the Wild,2017
TV,Hak5,2005
TV,Half in the Bag,2011
TV,Halfway Home,2007
TV,Halt and Catch Fire,2014
TV,Hamtaro,2000
TV,Hannibal,2013
TV,Happy Days,1974
TV,HarmonQuest,2016
TV,"Harvey Birdman, Attorney at Law",2000
TV,He-Man and the Masters of the Universe,1983
TV,Heartland (CA),2007
TV,Heliosphere,2016
TV,Hell on Wheels,2011
TV,Hello Kitty,2000
TV,Hello Kitty and Friends,1993
TV,Hello Kitty's Animation Theater,2004
TV,Hello Kitty's Paradise,2000
TV,Hello World,2016
TV,Hercules The Legendary Journeys,1994
TV,Here and Now,2018
TV,Heroes,2006
TV,Heroes Reborn,2015
TV,Hidden,2018
TV,Hidden India,2015
TV,Highlander,1992
TV,History Buffs,2015
TV,History Channel Documentaries,1995
TV,Hit & Miss,2012
TV,Hoarders,2009
TV,Home Improvement,1991
TV,Home Movies,1999
TV,Homecoming,2018
TV,Homeland,2011
TV,Honest Ads,2012
TV,Honest Game Trailers,2014
TV,Honest Trailers,2012
TV,Hood Adjacent With James Davis,2017
TV,Horace and Pete,2016
TV,Horizon,1964
TV,Hot Date,2017
TV,Hot Pursuit,2006
TV,House,2004
TV,House of Cards,1990
TV,House of Cards (US),2013
TV,House of Lies,2012
TV,House of Saddam,2008
TV,How Facebook Changed the World The Arab Spring,2011
TV,How It Should Have Ended,2007
TV,How It's Made,2001
TV,How TV Ruined Your Life,2011
TV,How We Invented The World,2012
TV,How to Build... Everything,2016
TV,Hubble a Look Into the Universe,2009
TV,Human Planet,2011
TV,Human Target,1992
TV,Humans,2015
TV,Hung,2009
TV,Hunted,2012
TV,Hunted (US),2017
TV,Hunters,2016
TV,Hunting The Edge Of Space,2010
TV,I (Almost) Got Away With It,2010
TV,I Dream of Jeannie,1965
TV,I Love Lucy,1951
TV,I'm Dying Up Here,2017
TV,ITV Documentaries,1969
TV,Ill Gotten Gains,2016
TV,Illusions,2015
TV,Imposters,2017
TV,Impulse,2018
TV,In Living Color,1990
TV,In Treatment,2008
TV,In the Flesh,2013
TV,InSecurity,2011
TV,Infamous Assassinations,2012
TV,Innocent,2018
TV,Insatiable,2018
TV,Inside,2007
TV,Inside Amy Schumer,2013
TV,Inside No. 9,2014
TV,Inside North Korea's Dynasty,2018
TV,Inside the American Mob,2013
TV,Instinct,2018
TV,Intelligence,2006
TV,Internet Historian,2017
TV,Into the Dark,2018
TV,Iolo's Secret Life of Birds,2010
TV,It Takes a Killer,2016
TV,It's Always Sunny in Philadelphia,2005
TV,It's Okay To Be Smart,2013
TV,Jacques Cousteau Collection,1956
TV,James May's Things You Need to Know,2011
TV,Jane the Virgin,2014
TV,Jarvis Johnson,2017
TV,Jean-Claude Van Johnson,2016
TV,Jeopardy!,1964
TV,Jericho,2006
TV,John Adams,2008
TV,John Michael Godier,2016
TV,JonTron,2010
TV,Joseph Campbell and the Power of Myth,1988
TV,Journey to the Planets,2010
TV,Journey to the edge of the Universe,2008
TV,Journeyman,2007
TV,Judge Judy,1996
TV,Just for Laughs All-Access,2013
TV,Justified,2010
TV,Kento Bento,2015
TV,Key & Peele,2012
TV,Kid Notorious,2003
TV,Kidding,2018
TV,Killjoys,2015
TV,King of the Hill,1997
TV,Kings,2009
TV,Kitchen Nightmares (US),2007
TV,Knight Rider,1982
TV,Knight Rider,2008
TV,Knightfall,2017
TV,Knowledge Hub,2015
TV,Kong King of the Apes,2016
TV,Krypton,2018
TV,Kröd Mändoon and the Flaming Sword of Fire,2009
TV,Kung Fu,1972
TV,Kurzgesagt - In a Nutshell,2013
TV,La Femme Nikita,1997
TV,Land of the Lost Wolves,2012
TV,Las Vegas,2003
TV,Last Week Tonight with John Oliver,2014
TV,Laverne & Shirley,1976
TV,Lazy Game Reviews,2009
TV,Legacies,2018
TV,Legend Quest,2017
TV,Legends,2014
TV,Legion,2017
TV,Legit,2007
TV,Lessons from the Screenplay,2016
TV,Leverage,2008
TV,Lexx,1997
TV,Liar,2017
TV,Lie to Me,2009
TV,Life,2009
TV,Life Noggin,2014
TV,Life Story,2014
TV,Life in Cold Blood,2008
TV,Life in the Undergrowth,2005
TV,Life of Oceans,2010
TV,Lilyhammer,2012
TV,Linus Tech Tips,2008
TV,Little Jimmy 835,2009
TV,Living Cultures,2012
TV,Lockup,2005
TV,Lodge 49,2018
TV,Looney Tunes,1929
TV,Looper,2016
TV,Lore,2017
TV,Lost,2004
TV,Lost in Space,1965
TV,Lost in Space,2018
TV,Loudermilk,2017
TV,Louie,2010
TV,Lucky Louie,2006
TV,Luther,2010
TV,MASH,1972
TV,MINDHUNTER,2017
TV,MacGyver,1985
TV,MacGyver,2016
TV,Machinima,2007
TV,Mad About You,1992
TV,Mad Men,2007
TV,Making a Murderer,2015
TV,Malcolm in the Middle,2000
TV,Mama's Family,1983
TV,Manhunt Unabomber,2017
TV,Maniac,2018
TV,Manifest,2018
TV,Mankind The Story of All of Us,2012
TV,Manson The Lost Tapes,2018
TV,Mark Rober,2011
TV,Maron,2013
TV,Married... with Children,1987
TV,Mars,2016
TV,Marvel's Agent Carter,2015
TV,Marvel's Agents of S.H.I.E.L.D.,2013
TV,Marvel's Avengers Black Panther's Quest,2018
TV,Marvel's Cloak & Dagger,2018
TV,Marvel's Daredevil,2015
TV,Marvel's Inhumans,2017
TV,Marvel's Iron Fist,2017
TV,Marvel's Jessica Jones,2015
TV,Marvel's Luke Cage,2016
TV,Marvel's Runaways,2017
TV,Marvel's Spider-Man,2017
TV,Marvel's The Defenders,2017
TV,Marvel's The Punisher,2017
TV,Mashable,2006
TV,MasterChef (US),2010
TV,Masters of Sex,2013
TV,Max & Ruby,2002
TV,Mayans M.C.,2018
TV,Medici,2016
TV,Medici The Magnificent,2018
TV,Mega Disasters,2006
TV,Mega Machines,2018
TV,Mega Machines Sea Giants,2018
TV,Melrose Place,1992
TV,Melrose Place,2009
TV,Merlin,2008
TV,Meta Ball Studios,2013
TV,Metalocalypse,2006
TV,Metalworks!,2012
TV,Michael Reeves,2017
TV,Micro Monsters with David Attenborough,2013
TV,Mind Blow,2010
TV,Minority Report,2015
TV,MinuteEarth,2013
TV,MinutePhysics,2011
TV,Misfits,2009
TV,Missing,2003
TV,Mission Impossible,1966
TV,Mister Tachyon,2018
TV,Mobile Suit Gundam The 08th MS Team,1996
TV,Mobile Suit Gundam Wing,1995
TV,Mobsters,1991
TV,Modern Marvels,1993
TV,Modern Vintage Gamer,2008
TV,Monk,2002
TV,Monty Python's Flying Circus,1969
TV,Moon Machines,2008
TV,Moral Orel,2005
TV,Mork & Mindy,1978
TV,Mosaic,2018
TV,Mosquito,2017
TV,Motherboard,2009
TV,Mr Inbetween,2018
TV,Mr. Belvedere,1985
TV,Mr. Robot,2015
TV,Mr. Show,1995
TV,Mrs Wilson,2018
TV,Muscle Vs Tuner,2015
TV,My Brilliant Friend,2018
TV,My Family,2000
TV,My Hero,2000
TV,My Little Pony 'n Friends,1986
TV,My Little Pony Friendship is Magic,2010
TV,My Name Is Earl,2005
TV,My Strange Addiction,2010
TV,MythBusters,2003
TV,MythBusters Jr.,2018
TV,NASA's Unexplained Files,2012
TV,NTSFSDSUV,2011
TV,Naked Science,2004
TV,Name Explain,2015
TV,Narcos,2015
TV,Narcos Mexico,2018
TV,Nathan for You,2013
TV,National Geographic Documentaries,1965
TV,National Geographic Nordic Wild,2011
TV,National Geographic Situation Critical,2007
TV,National Geographic Witchcraft Myths And Legends,2011
TV,Natural World,1983
TV,Nature,1982
TV,Nature Tech,2006
TV,Nature's Great Events,2009
TV,Nature's Power Revealed,2011
TV,Nature's Weirdest Events,2012
TV,Nazi Megastructures,2013
TV,Nebby Rick Sebak's Tales of Greater Pittsburgh,2018
TV,Nerd City,2015
TV,Nerdwriter,2014
TV,Neverland,2011
TV,Newhart,1982
TV,NewsRadio,1995
TV,Night Court,1984
TV,Nightflyers,2018
TV,Nikita,2010
TV,No Small Parts,2014
TV,Nobel,2016
TV,Noclip,2016
TV,Norm Macdonald Has a Show,2018
TV,Norsemen,2016
TV,Norton The Most Dangerous Town on the Internet,2016
TV,Nostalgia Nerd,2014
TV,Notorious,2004
TV,Nova,1974
TV,Numb3rs,2005
TV,Numberphile,2011
TV,Nurse Jackie,2009
TV,Oats Studios,2017
TV,Obsoleet,2012
TV,Ocean Giants,2011
TV,Oceans,2008
TV,Octonauts,2010
TV,Off the Air,2011
TV,Oliver Harper Retrospectives & Reviews,2007
TV,On the Lot,2007
TV,One Dollar,2018
TV,One Strange Rock,2018
TV,One-Punch Man,2015
TV,Orange Is the New Black,2013
TV,Orbit Earth's Extraordinary Journey,2012
TV,Order And Disorder,2012
TV,Origin,2018
TV,Origins of Us,2011
TV,Orphan Black,2013
TV,Other Space,2015
TV,Our Cartoon President,2018
TV,Outcast,2016
TV,Outcasts,2011
TV,Outlander,2014
TV,Outlaw Star,1998
TV,Outsiders,2016
TV,Overspel in de liefde,2013
TV,Oz,1997
TV,Ozark,2017
TV,PBS Specials,1970
TV,Pan Am,2011
TV,Panorama,1953
TV,Paradox,2009
TV,Party Down,2009
TV,Pat the NES punk,2008
TV,Patrick H Willems,2011
TV,Peaky Blinders,2013
TV,Pee-Wee's Playhouse,1986
TV,Peep Show,2003
TV,Penn & Teller Bullshit!,2003
TV,Penn & Teller Fool Us,2011
TV,Penn & Teller Tell a Lie,2011
TV,Penny Dreadful,2014
TV,People of Earth,2016
TV,Perfect Strangers,1986
TV,Person of Interest,2011
TV,Pete the Cat,2017
TV,Peter Sripol,2016
TV,Philip K. Dick's Electric Dreams,2017
TV,Phreaked Out,2014
TV,Pinky and the Brain,1995
TV,Pippi Longstocking,1969
TV,Planet Earth,2006
TV,Planet Earth II,2016
TV,Planet Egypt Secrets of the Pharaoh's Empire,2011
TV,Play with Junk,2008
TV,Plinkett Reviews,2008
TV,Plizzanet Earth,2014
TV,Pokémon,1997
TV,Police Squad!,1982
TV,Popeye,1933
TV,Pose,2018
TV,Pound Puppies,1986
TV,Power,2014
TV,Power Rangers,1993
TV,Power Rangers Ninja Steel,2017
TV,Practicle Engineering,2014
TV,Preacher,2016
TV,Predators Killing for a Living,1997
TV,Predators at War,2005
TV,Prehistoric,2010
TV,Press,2018
TV,Preston Jacobs,2014
TV,Prime Suspect (US),2011
TV,Projections,2017
TV,Prophets of Science Fiction,2011
TV,Psychoville,2009
TV,Pure,2017
TV,Pure Genius,2016
TV,Quantico,2015
TV,Quantum Gravity Research,2015
TV,Quantum Leap,1989
TV,Queen of the South,2016
TV,Raging Planet,1997
TV,Rainbow Brite,1984
TV,Ray Donovan,2013
TV,ReBoot,1994
TV,ReBoot The Guardian Code,2018
TV,Real Engineering,2015
TV,Real Life Lore,2016
TV,Real Time with Bill Maher,2003
TV,Reasontv,2007
TV,Rebel,2017
TV,Regular Car Reviews,2012
TV,Rel,2018
TV,Reno 911!,2003
TV,Rescue Me,2004
TV,Revenge,2011
TV,Reverie,2018
TV,Revolution,2012
TV,Rick and Morty,2013
TV,Ridddle,2016
TV,Rise of the Teenage Mutant Ninja Turtles,2018
TV,Rising Rebuilding Ground Zero,2011
TV,Robot Chicken,2005
TV,Robot Wars,2016
TV,Robot Wars Extreme Warriors,2001
TV,Robot Wars Grand Champions,2002
TV,Robot Wars World Series,2017
TV,Rocket Jump,2006
TV,Rocko's Modern Life,1993
TV,Rod Studios,2013
TV,Rome,2005
TV,Rome Rise and Fall of an Empire,2008
TV,Rome's Greatest Battles,2011
TV,Room 104,2017
TV,Roseanne,1988
TV,Rossatron,2014
TV,Rubicon,2010
TV,Rugrats,1991
TV,Ryan Hollinger,2010
TV,"Sabrina, the Teenage Witch",1996
TV,Safe,2018
TV,Sailor Moon,1992
TV,Salute Your Shorts,1991
TV,Salvation,2017
TV,Samurai Champloo,2004
TV,Samurai Jack,2001
TV,Sanctuary,2007
TV,Sanford and Son,1972
TV,Santa Clarita Diet,2017
TV,Saturday Night Live,1975
TV,Saved by the Bell,1989
TV,Scam City,2012
TV,Scandal,2008
TV,Schitt's Creek,2015
TV,Schoolhouse Rock!,1973
TV,Sci Fi Explained,2017
TV,Sci-Fi Science Physics of the Impossible,2009
TV,SciShow,2011
TV,SciShow Space,2014
TV,Science & Futurism with Isaac Arthur,2014
TV,Science Vs Cinema,2015
TV,Science of Stupid,2014
TV,Sciencephile The Ai,2016
TV,Scooby-Doo! Mystery Incorporated,2010
TV,"Scooby-Doo, Where Are You!",1969
TV,Scorpion,2014
TV,ScreenPrism,2016
TV,Scrubs,2001
TV,Sea Cities,2016
TV,Sealab 2021,2000
TV,Second Thought,2016
TV,Secret Diary of a Call Girl,2007
TV,Secret Space Escapes,2015
TV,Secrets of Ancient Empires,2001
TV,Secrets of War Espionage,1998
TV,Secrets of War Weapons of War,1998
TV,Seeker Network,2012
TV,Seinfeld,1989
TV,Sense8,2015
TV,Sesame Street,1969
TV,Sex and the City,1998
TV,Sex&Drugs&Rock&Roll,2015
TV,Shadowhunters,2016
TV,Shameless,2004
TV,Shameless (US),2011
TV,Sharkee,2013
TV,Sharks of the Deep Blue,1998
TV,Sharp Objects,2018
TV,Sherlock,2010
TV,Shock and Awe the Story of Electricity,2011
TV,Silicon Valley,2014
TV,Simone Giertz,2014
TV,Siren,2018
TV,"Sit Down, Shut Up",2009
TV,Six Feet Under,2001
TV,Sleeper Cell,2005
TV,Sliders,1995
TV,Slutever,2018
TV,Smallville,2001
TV,Smarter Every Day,2011
TV,Smoke Show,2017
TV,Snatch,2017
TV,Sneaky Pete,2017
TV,Snowfall,2017
TV,Solving History with Olly Steeds,2010
TV,Sons of Anarchy,2008
TV,Sons of Guns,2011
TV,Soul Eater,2008
TV,South Park,1997
TV,Space Files,2008
TV,Space Ghost Coast to Coast,1994
TV,Space Odyssey Voyage To The Planets,2004
TV,Space Probes,2016
TV,Space's Deepest Secrets,2016
TV,Spacedock,2016
TV,Spartacus,2010
TV,Spartacus Blood and Sand - The Motion Comic,2009
TV,Spawn,1997
TV,Speed Racer,1967
TV,Spider-Man,1967
TV,Spider-Man,1994
TV,Spin City,1996
TV,SpongeBob SquarePants,1999
TV,Spy Tek,1998
TV,Spy World,2014
TV,Star Trek,1966
TV,Star Trek Continues,2012
TV,Star Trek Deep Space Nine,1993
TV,Star Trek Discovery,2017
TV,Star Trek Enterprise,2001
TV,Star Trek New Voyages Phase II,2004
TV,Star Trek The Animated Series,1973
TV,Star Trek The Next Generation,1987
TV,Star Trek Voyager,1995
TV,Star Wars Rebels,2014
TV,Star Wars Resistance,2018
TV,Star Wars The Clone Wars,2008
TV,Stargate Atlantis,2004
TV,Stargate Origins,2018
TV,Stargate SG-1,1997
TV,Stargate Universe,2009
TV,Starhunter Redux,2017
TV,StartUp,2016
TV,Stated Clearly,2012
TV,Stephen Hawking and the Theory of Everything,2008
TV,Stephen Hawking's Science of the Future,2014
TV,Stop Skeletons From Fighting,2014
TV,Storm of the Century,1999
TV,Storyville,2004
TV,Strange Angel,2018
TV,Strange Mysteries,2014
TV,Stranger Things,2016
TV,Strangers,2018
TV,Street Science,2017
TV,Strike Back,2010
TV,Stunt Science,2018
TV,Succession,2018
TV,Sullivan & Son,2012
TV,Sunday Night,2009
TV,Super Bunnyhop,2012
TV,Super Smart Animals,2012
TV,Supergirl,2015
TV,Superhuman Samurai Syber-Squad,1994
TV,Superman,1941
TV,Superman,1988
TV,Superman The Animated Series,1996
TV,Supernatural,2005
TV,Taboo,2003
TV,Tale Foundry,2016
TV,TaleSpin,1990
TV,Tales from the Crypt,1989
TV,Tapakapa,2016
TV,Taxi,1978
TV,TechQuickie,2013
TV,Technocalyps,2006
TV,Teenage Mutant Ninja Turtles,1987
TV,Terminator The Sarah Connor Chronicles,2008
TV,Terra Nova,2011
TV,That '70s Show,1998
TV,That '80s Show,2002
TV,That Mitchell and Webb Look,2006
TV,The 100,2014
TV,The 1990s The Deadliest Decade,2018
TV,The 4400,2004
TV,The 8 Bit Guy,2007
TV,The A-Team,1983
TV,The ABC Murders,2018
TV,The Addams Family,1964
TV,"The Adventures of Brisco County, Jr.",1993
TV,The Adventures of Pete & Pete,1993
TV,The Adventures of Raggedy Ann and Andy,1988
TV,The Adventures of Rocky and Bullwinkle,2018
TV,The Adventures of Teddy Ruxpin,1987
TV,The Alienist,2018
TV,The Americans,2013
TV,The Angry Video Game Nerd,2006
TV,The Backyard Scientist,2013
TV,The Beverly Hillbillies,1962
TV,The Blacklist,2013
TV,The Blue Planet,2001
TV,The Bomb Squad,2011
TV,The Boondocks,2005
TV,The Borgias,2011
TV,The Brady Bunch,1969
TV,The Brak Show,2001
TV,The Care Bears,1985
TV,The Circus,2016
TV,The City & The City,2018
TV,The Civil War,1990
TV,The Closer Look,2016
TV,The Code (UK),2011
TV,The Conners,2018
TV,The Corner,2000
TV,The Crossing,2018
TV,The Crown,2016
TV,The Curious Creations of Christine McConnell,2018
TV,The Dark Nature's Nighttime World,2012
TV,The Deuce,2017
TV,The Dukes of Hazzard,1979
TV,The Event,2010
TV,The Expanse,2015
TV,The Fairly OddParents,2001
TV,The Film Theorists,2015
TV,The Finder,2012
TV,The First,2018
TV,The Flash,1990
TV,The Flash,2014
TV,The Flintstones,1960
TV,The Forgotten,2009
TV,The Fresh Prince of Bel-Air,1990
TV,The Game Chasers,2011
TV,The Gamer From Mars,2009
TV,The Garfield Show,2009
TV,The George Carlin Show,1994
TV,The Glades,2010
TV,The Glee Project,2011
TV,The Golden Girls,1985
TV,The Grand Tour,2016
TV,The Green Hornet,1966
TV,The Gumby Show,1955
TV,The Hacksmith,2006
TV,The Handmaid's Tale,2017
TV,The Haunting of Hill House,2018
TV,The History of Comedy,2017
TV,The Hour,2005
TV,The Hunt,2014
TV,The IT Crowd,2006
TV,The Inbetweeners,2008
TV,The Incredible Hulk,1978
TV,The Indian Wars A Change of Worlds,2018
TV,The Infographics Show,2011
TV,The Jeffersons,1975
TV,The Jetsons,1962
TV,The Jim Norton Show,2014
TV,The Jinx The Life and Deaths of Robert Durst,2015
TV,The Joy of Painting,1983
TV,The Keepers,2017
TV,The Kids Are Alright,2018
TV,The Killing,2007
TV,The Killing,2011
TV,The King of Queens,1998
TV,The Kominsky Method,2018
TV,The Last Man on Earth,2015
TV,The Last O.G.,2018
TV,The League of Gentlemen,1999
TV,The Leftovers,2014
TV,The Legend of Korra,2012
TV,The Legend of Zelda,1989
TV,The Listener,2009
TV,The Living Planet,1984
TV,The Lone Gunmen,2001
TV,The Long Take,2015
TV,The Looming Tower,2018
TV,The Lost Room,2006
TV,The Magic School Bus,1994
TV,The Man in the High Castle,2015
TV,The Marvelous Misadventures of Flapjack,2008
TV,The Marvelous Mrs. Maisel,2017
TV,The Mechanism,2018
TV,The Men Who Built America,2012
TV,The Mighty Boosh,2003
TV,The Mitchell and Webb Situation,2001
TV,The Munsters,1964
TV,The Muppet Show,1976
TV,The Natural World,2007
TV,The New Age of Terror,2017
TV,The New Tom & Jerry Show,1975
TV,The Newsroom,2012
TV,The Night Of,2016
TV,The OA,2016
TV,The Oblongs,2001
TV,The Office,2001
TV,The Office (US),2005
TV,The Originals,2013
TV,The Orville,2017
TV,The Outer Limits,1995
TV,The Outpost,2018
TV,The Pacific,2010
TV,The Penguins of Madagascar,2008
TV,The Pillars of the Earth,2010
TV,The Pink Panther,1969
TV,The Planets,1999
TV,The Planets,2017
TV,The Powerpuff Girls,1998
TV,The Prisoner,2009
TV,The Purge,2018
TV,The Pyramid Code,2009
TV,The Ranch,2016
TV,The Real History of Science Fiction,2014
TV,The Real Hustle,2006
TV,The Real War of Thrones The True History of Europe,2018
TV,The Ren and Stimpy Show,1991
TV,The Rocky and Bullwinkle Show,1959
TV,The Rookie,2018
TV,The Science Elf,2016
TV,The Secret Life of the National Grid,2010
TV,The Secret War on Terror,2011
TV,The Shield,2002
TV,The Simpsons,1989
TV,The Singing Detective,1986
TV,The Slow Mo Guys,2010
TV,The Smash Brothers,2013
TV,The Smurfs,1981
TV,The Sopranos,1999
TV,The Standups,2017
TV,The State,1993
TV,The Story of Ireland,2011
TV,The Super Mario Bros. Super Show!,1989
TV,The Terror,2018
TV,The Tesla Files,2018
TV,The Three Stooges,1934
TV,The Tick,1994
TV,The Tick,2016
TV,The Tommyknockers,1993
TV,The Tomorrow People (US),2013
TV,The Tube,2012
TV,The Tudors,2007
TV,The Twilight Zone,1959
TV,The Twilight Zone,1985
TV,The Twilight of Civilizations,2012
TV,The Universe,2007
TV,The Unusuals,2009
TV,The Venture Bros.,2004
TV,The Video Game Years,2012
TV,The Vietnam War,2017
TV,The Walking Dead,2010
TV,The Website is down,2009
TV,The Whitest Kids U Know,2007
TV,The Why,2016
TV,The Wil Wheaton Project,2014
TV,The Wire,2002
TV,The Wonder Years,1988
TV,The World at War,1973
TV,The X-Files,1993
TV,The Young Pope,2016
TV,They Will Kill You,2014
TV,Things You Might Not Know - Tom Scott,2006
TV,This Week at The Comedy Cellar,2018
TV,Those Who Hunt Elves,1996
TV,Thoughty2,2012
TV,Threshold,2005
TV,Through the Wormhole,2010
TV,Thug Notes,2013
TV,Tiger - Spy in the Jungle,2008
TV,Timeless,2016
TV,Tin Man,2007
TV,Tiny Toon Adventures,1990
TV,Titans,2018
TV,To Boldly Go,2012
TV,Today I Found Out,2013
TV,Todd & The Book Of Pure Evil,2010
TV,Tom Clancy's Jack Ryan,2018
TV,Tom Scott,2006
TV,Tom and Jerry,1940
TV,Tom and Jerry Kids Show,1990
TV,Tom and Jerry Tales,2006
TV,Too Stupid to Die,2018
TV,Top Gear,2002
TV,Top Gear Extra Gear,2016
TV,Trailer Park Boys,2001
TV,Trailer Park Boys Out of the Park,2016
TV,Trans Am,2018
TV,Travelers,2015
TV,Travelers,2016
TV,Trekspertise,2014
TV,Treme,2010
TV,"Tribes, Predators, and Me",2016
TV,Triumph of the Nerds,1996
TV,Tron Uprising,2012
TV,True Blood,2008
TV,True Detective,2014
TV,True Facts,2013
TV,Trust,2018
TV,Twin Peaks,1990
TV,Twin Perfect,2010
TV,Tyrant,2014
TV,Ugly Americans,2010
TV,Ultimate Factories,2007
TV,Ultimate Spider-Man,2012
TV,Unbreakable Kimmy Schmidt,2015
TV,Undergrads,2001
TV,Underwater Wonders of the National Parks,2017
TV,Unsolved,2018
TV,Utopia,2013
TV,Utopia,2014
TV,V,1983
TV,V,2009
TV,VICE,2013
TV,VSauce,2010
TV,VSauce2,2010
TV,VSauce3,2012
TV,Veep,2012
TV,Verge Science,2018
TV,Veritasium,2010
TV,Veronica Mars,2004
TV,Vikings,2013
TV,Vinyl,2016
TV,Vlogbrothers,2007
TV,Vox,2014
TV,Vsauce2 - Thought Glass,2014
TV,Vsauce3 - Headshot,2012
TV,Waco,2018
TV,Walking with Beasts,2001
TV,Walking with Cavemen,2003
TV,Walking with Dinosaurs,1999
TV,Walking with Monsters,2006
TV,Wanderlust,2018
TV,Warehouse 13,2009
TV,WatchMojo,2006
TV,Water Water,2004
TV,Watergate,2018
TV,Wayward Pines,2015
TV,Weeds,2005
TV,"Welcome Back, Kotter",1975
TV,Wendover Productions,2015
TV,Wentworth,2013
TV,Westworld,2016
TV,Wet Hot American Summer,2015
TV,Whang!,2016
TV,White Collar,2009
TV,Whose Line is it Anyway,1998
TV,Wicked Attraction,2008
TV,Wild Canada,2014
TV,Wild China,2008
TV,Wild Galapagos,2018
TV,Wild Ireland The Edge of the World,2017
TV,Wild UK,2017
TV,Wild Wild Country,2018
TV,Wildest Africa,2010
TV,Wildest Arctic,2012
TV,Wildest India,2012
TV,Wildest Indochina,2014
TV,Wildest Islands,2012
TV,Wildest Islands of Indonesia,2016
TV,Wildest Latin America,2012
TV,Wildest Middle East,2014
TV,Wilfred,2007
TV,Will & Grace,1998
TV,William Osman,2016
TV,Wired,2007
TV,Wisecrack Edition,2015
TV,Wishbone,1995
TV,Witness,2012
TV,Workaholics,2011
TV,World's Most Evil Killers,2018
TV,World's Toughest Fixes,2008
TV,Wormwood,2017
TV,Wrestling With Gaming,2010
TV,X-Men,1992
TV,XIII The Conspiracy,2008
TV,Xena Warrior Princess,1995
TV,YOU,2018
TV,Yellowstone,2018
TV,You're the Worst,2014
TV,Your Movie Sucks,2010
TV,Zero Punctuation,2007
TV,iZombie,2015
TV,reView,2016
TV,seaQuest DSV,1993
